{"avg_classifications": [8.7657235285839299, 0.75328565122339242, 10.896545746337408, 9.7062081437049166, 9.7900197841677503, 9.7347525810348561, 2.1421418873861464, 2.178652154686227, 0.0, 3.8640534455025661, 2.3248246236859451, 4.526350692939423, 1.2598677118954045, 0.0, 9.681540450096886, 3.4556224703613938, 5.0093888531952677, 2.3990463793611241, 13.192921575339041, 12.079591982696071, 5.4117723909867106, 0.0, 7.9434103019288989, 8.5926922315835466, 5.7946930821050575, 11.062825812280815, 12.667576636277365, 13.409944320454684, 2.4251735357110151, 12.826292761714212, 12.093783481062827, 12.265078348341422, 15.132474975683269, 9.6053025298618717, 5.7713209330871038, 10.924975904746461, 15.517321335023073, 10.701210546315789, 10.016859693782992, 6.4010269694221966, 10.358528956218464, 12.320892115844774, 6.4863590557340114, 8.2993482535205647, 10.077333823577428, 11.207551947857009, 12.529952272386414, 7.5523350008130405, 3.1701847067976408, 10.70636678842421, 6.884079767780241, 6.822772370808976, 7.609915627732474, 12.461229662361328, 7.6577931489850402, 2.0332202646348287, 0.0, 0.0], "features": [[66.34169369875254, 54.92659685231202, 31.25957422348333, 14.28039387188322, 0.0, 8.27474899251407, 8.034669254452114], [6.946011623290699, 0.0, 0.0, 0.0, 0.0, 0.0, 0.0], [0.0, 28.689093501404287, 67.59129717709806, 29.83035008604399, 64.01883703627904, 57.53752567120421, 11.642996122198149], [0.0, 10.436895154788235, 45.79671826234512, 70.9404649799165, 61.71704397538748, 30.834507157163067, 3.658510294717749], [70.9404649799165, 61.71704397538748, 30.834507157163067, 3.658510294717749, 7.588944836601783, 15.06752429050153, 12.837793692868363], [96.26058879053613, 29.211208244355596, 54.7917195777866, 8.88352405278155, 0.0, 57.164554168988396, 0.761500010418809], [0.0, 0.0, 56.205275743213754, 0.0, 0.0, 0.0, 0.0], [0.0, 0.0, 58.10104125402772, 0.0, 0.0, 0.0, 0.0], [0.0, 0.0, 0.0, 0.0, 0.0, 0.0, 0.0], [0.0, 65.88462763530032, 29.211895275031093, 0.0, 0.0, 0.0, 0.0], [0.0, 0.0, 66.16708667522323, 0.0, 0.0, 0.0, 0.0], [0.0, 0.0, 0.0, 66.9306784868622, 27.249778613577863, 5.765436167018416, 0.0], [0.0, 0.0, 13.374559261114069, 0.0, 0.0, 0.0, 0.0], [0.0, 0.0, 0.0, 0.0, 0.0, 0.0, 0.0], [67.81771989054407, 58.11019719337089, 31.331629828053615, 22.58503082056285, 6.122788730220064, 3.1318215680799124, 10.897234256525655], [0.0, 0.0, 12.873533480389277, 12.495553512339779, 1.2419530243370103, 0.0, 13.446602251864832], [71.80588689297268, 44.34291997381874, 5.721709009283626, 0.0, 0.0, 0.0, 0.0], [0.0, 0.0, 0.0, 70.49683483631352, 0.0, 0.0, 0.0], [0.0, 65.1112596640585, 95.79175424144887, 17.870393401942486, 102.45752946767836, 48.34786984914963, 46.92095704707186], [59.594228989114036, 60.281850747830624, 19.32388242322274, 0.0, 56.54382847098741, 68.09262240003355, 29.049638251761298], [53.17413687603564, 0.0, 0.0, 51.7031428055746, 14.725226894541809, 0.0, 0.0], [0.0, 0.0, 0.0, 0.0, 0.0, 0.0, 0.0], [0.0, 0.0, 0.0, 30.530105603530956, 75.34352488687897, 71.41117049449879, 25.008854757016252], [0.0, 20.244728206187688, 62.442628051256264, 0.0, 85.66272663405438, 69.98669369140549, 0.0], [32.76220288467343, 0.0, 0.0, 46.99397691067532, 14.994286078404507, 12.996883389859855, 0.0], [0.0, 0.0, 39.000540888704606, 68.81273981058342, 70.16633666487404, 66.9075651707954, 55.95163641883272], [47.602665379798374, 65.53620882872931, 12.712580293584093, 24.994486219961516, 47.599921949646664, 33.14898582672335, 60.94007009374563], [83.35200851165222, 63.729860418015356, 47.869603855625165, 56.04594334020342, 42.40370095180396, 35.974041829323795, 6.370328555575266], [0.0, 0.0, 0.0, 0.0, 32.32723751403555, 6.609584692749464, 0.0], [95.48603786936137, 28.778833995645677, 0.0, 4.247398919369893, 56.31807515565914, 81.97974424580052, 51.7506121377371], [26.19895730466661, 36.69057283293292, 15.710516388960338, 59.85006275375191, 23.103796093301746, 39.815689657972435, 66.97003264281473], [0.0, 71.02364134298665, 54.53398367282778, 7.072593073793807, 61.03270657845297, 80.1523764481218, 52.997933494735996], [95.03186217136248, 42.2449458182749, 51.4723851832673, 49.597219462366944, 46.172118895103985, 35.603330289899326, 93.4116509169652], [94.04878419076901, 93.28133387911069, 35.55823513495642, 44.465306324882654, 0.0, 0.0, 0.0], [71.44476854913911, 43.8402762975157, 0.0, 13.36446110586746, 1.968448971231391, 0.0, 0.0], [81.35567553632535, 47.79879438593121, 40.882392673866214, 28.208385029427383, 8.176001555328568, 0.0, 54.182662035874586], [74.51849125408832, 88.9821133931775, 48.172243353720155, 57.91503204459031, 58.105621884165345, 61.8926909355786, 38.18766232014618], [63.10691773291597, 45.39704708072369, 13.60055671240792, 28.792447408811874, 4.986283042854634, 53.52203269053892, 16.92536654448703], [0.0, 46.07331974034013, 59.224414479664404, 78.91033488288092, 48.86076497878702, 19.664419736203886, 0.0], [56.57162764628757, 45.30574318001896, 19.17080988914936, 14.002211408181312, 0.0, 0.0, 0.0], [50.94085632469178, 72.47870876129832, 1.2419530243370103, 0.0, 29.798648097264802, 36.9185863092305, 57.89926387654262], [72.71099018326008, 42.92768030243331, 14.229736493128456, 56.66807950583394, 46.52231251672411, 17.13259816471636, 31.951852174855713], [56.609525931168314, 49.98567692203126, 1.3488021334406732, 0.0, 0.0, 0.0, 45.304291054954824], [72.72483988290686, 9.3570911581374, 65.71679832454886, 13.020405957995932, 29.415797395745336, 0.0, 0.0], [0.0, 47.722232216775055, 34.14912146671297, 39.633392210754636, 43.33568369319412, 33.3242429472452, 13.933791076639977], [70.98596743369367, 60.77278592544037, 48.77924915610748, 45.00847784560321, 50.74431084601378, 4.666088747710108, 0.0], [33.666731380886986, 11.112089248559103, 18.3448905740436, 32.52624389818841, 59.38483992835094, 60.7743591886782, 79.80649678649148], [59.12346807454476, 68.51959615892412, 1.523000020837618, 0.0, 40.82811938563655, 6.653827915178242, 0.0], [0.0, 0.0, 0.0, 41.95924406038001, 20.941410431424917, 0.0, 0.0], [69.5707765859974, 65.88740381569843, 14.311526330468347, 38.038369384993885, 44.13411715084722, 16.864395523979614, 0.0], [4.666088747710108, 31.638848456534987, 53.603080610440976, 24.910216853894735, 15.850030808279422, 0.0, 0.0], [68.47549235465104, 64.00068605860596, 31.52186920004855, 3.705867745270216, 0.0, 0.0, 0.0], [0.0, 0.0, 0.0, 67.54975728733181, 16.235709552997086, 39.84943612843962, 60.261370225303914], [88.25541875873876, 54.22782677208797, 37.97282404761499, 36.29418681290134, 44.68631359669485, 0.0, 63.6719118392673], [56.94226599436822, 54.81053747610616, 45.00683060635979, 1.968448971231391, 3.210401995568401, 0.0, 3.5362965368969035], [0.0, 0.0, 0.0, 0.0, 0.0, 50.53565474167227, 0.0], [0.0, 0.0, 0.0, 0.0, 0.0, 0.0, 0.0], [0.0, 0.0, 0.0, 0.0, 0.0, 0.0, 0.0]], "trend_classifications": [-1, 0, 1, 0, 0, -1, 0, 0, 0, -1, 0, 0, 0, 0, -1, 0, -1, 0, 1, 0, -1, 0, 0, 1, 0, 1, 0, -1, 0, -1, 0, 1, 0, -1, -1, -1, -1, 0, 1, -1, -1, -1, 0, -1, 1, 0, 1, -1, 0, -1, 1, -1, 1, -1, -1, 1, 0, 0]}