{"avg_classifications": [6.4630564782632822, 11.967102657535927, 8.2869674684462886, 8.9437181388210689, 8.1208883542809662, 6.5121697785829893, 8.293599043495222, 5.9264655671573987, 1.8112389858033107, 0.0, 3.7039168535564664, 8.1566792612430987, 0.0, 8.9140745195399607, 9.4238958602334719, 6.8034402993084431, 3.1163078685028731, 7.0366581909779331, 3.4905478038305739, 4.4365235197713222, 7.6766874204939288, 6.6667642985065445, 9.3961119336990464, 11.532752607543786, 7.1737474838405637, 2.2227697785903699, 2.0848650448623496, 0.0, 2.1451839516390518, 11.177509517218455, 3.3528831312893774, 0.0, 12.587802316738399, 10.374653478699141], "features": [[0.0, 50.04888736509402, 0.0, 0.0, 0.0, 56.88541027518491, 63.9664211386959], [57.93382527232768, 15.045434717366359, 57.19502628964342, 17.893232366994514, 11.65107826618031, 57.86728535698163, 57.268827255042865], [59.43666649217424, 53.02625453037456, 12.032316954385516, 18.399099990791008, 39.027293385451244, 0.0, 0.0], [0.0, 60.006645089236706, 7.316655999225679, 0.0, 59.84913413136071, 30.95807914533896, 51.74234886055205], [0.0, 14.995500733985592, 12.017942188943957, 9.736517100456442, 11.747117426845085, 33.44860208579095, 52.863683395932114], [51.71849564477078, 12.745748610645837, 0.0, 0.0, 50.21316818099482, 23.6069230247504, 0.0], [19.39293305809443, 50.542190075507456, 3.705867745270216, 0.0, 57.4300354316754, 55.7457628734745, 0.0], [58.79355588371854, 15.240487821499233, 26.433201657060753, 15.437054248352828, 0.0, 0.0, 0.0], [0.0, 0.0, 0.0, 38.31159296984839, 0.0, 0.0, 0.0], [0.0, 0.0, 0.0, 0.0, 0.0, 0.0, 0.0], [0.0, 0.0, 18.592367067639287, 0.0, 0.0, 2.0409295767400217, 36.86161587820601], [49.53880701759102, 28.125803027289987, 0.0, 0.0, 4.152966758252767, 53.61634425827512, 43.64435498787638], [0.0, 0.0, 0.0, 0.0, 0.0, 0.0, 0.0], [0.0, 37.94955097520476, 45.64286428624179, 12.265560144099032, 0.0, 53.11286436330944, 51.89378093484539], [42.362382394245785, 43.61032171168392, 20.43715967322439, 0.0, 0.0, 43.02169150036412, 69.16816291318246], [48.29769582544845, 22.993269828806962, 21.205349938643927, 5.059296557734522, 0.0, 27.166028569445345, 0.0], [0.0, 0.0, 0.0, 33.68489250746143, 23.26756859191905, 0.0, 0.0], [0.0, 0.0, 0.0, 85.18348377272098, 0.0, 58.27029321053341, 58.2059658370328], [66.83342357761342, 14.335625613164067, 0.0, 0.0, 0.0, 0.0, 0.0], [30.728816294554516, 54.33795930261528, 3.7365972396798433, 0.0, 0.0, 0.0, 0.0], [0.0, 5.304444805345355, 36.59840542934591, 30.536554522691276, 31.270373226527933, 46.564743151783546, 0.0], [63.35241358332026, 18.906702250796634, 48.24662913142365, 13.69977150680533, 0.0, 0.0, 0.0], [0.0, 21.641173642917135, 48.34905367859024, 45.004590183148586, 0.0, 40.71942365140525, 44.14362176247907], [48.34905367859024, 45.004590183148586, 0.0, 40.71942365140525, 44.14362176247907, 36.109047476877315, 36.660427296403356], [61.015185932088386, 22.478251731476714, 47.66984636864219, 27.32935214038075, 0.0, 0.0, 0.0], [0.0, 0.0, 0.0, 42.42222087180317, 0.0, 0.0, 0.0], [52.863840826958764, 0.0, 0.0, 0.0, 0.0, 0.0, 0.0], [0.0, 0.0, 0.0, 0.0, 0.0, 0.0, 0.0], [55.15944172745773, 0.0, 0.0, 0.0, 0.0, 0.0, 0.0], [24.098299654936067, 49.660931088155955, 59.7061247757803, 0.0, 43.3085197778816, 56.270964796732535, 24.81250674618299], [46.35292526428616, 21.841600987687947, 0.0, 0.0, 0.0, 0.0, 0.0], [0.0, 0.0, 0.0, 0.0, 0.0, 0.0, 0.0], [0.0, 5.891501524072141, 68.62386872941431, 64.53617934959944, 84.62659424293832, 50.37493118343414, 80.64688217893577], [52.32967223705881, 61.87214696744423, 57.71563747952189, 20.569497891780486, 13.11525041625211, 29.39394137175167, 0.0]], "trend_classifications": [1, 0, -1, 1, 1, 0, 1, -1, 0, 0, 1, 0, -1, 1, 0, -1, 0, 1, -1, -1, 1, -1, 1, 0, -1, 0, -1, 0, 0, 0, -1, 0, 1, -1]}