{"avg_classifications": [9.8388349046927406, 8.4615530425441232, 9.363234482264696, 9.3191653356334108, 5.7778982288208187, 1.8263557943468847, 10.590678499403412, 13.227946756897271, 15.246044364010521, 13.294351976004348, 12.730130500436802, 16.117904155530049, 14.133940156596083, 10.838534231891984, 5.3500213962702565, 4.5107478901063747, 9.1565929508053845, 11.245555488765353, 11.81687087088085, 11.794278787227645, 15.270128280600586, 13.794020961234427, 16.410276716029802, 7.4291320713985902, 11.026747039110726, 5.5188611433833801, 0.0, 6.0155764141923571, 8.8053481625898566, 8.7907091936599837, 10.785773934802876, 9.3789961590355038, 9.4392695059769132, 10.271657909650056, 10.871775552618368, 12.514190615047672, 10.533802165234457, 17.335822799000209, 13.906339029303917, 10.716791698638612, 7.75274632963181, 8.7700902836190266, 14.831733803644939, 11.926509159906596, 12.457008766731956, 4.8248364053075816, 13.06216015075471, 11.502389821440335, 8.7817299236637005, 2.9864429500428562, 9.1242194908120702, 5.3916210023101749, 9.7274100680175195, 12.632091863792084, 15.729745633940899, 9.8656921472715542, 3.9306152522436304, 10.287393508128295, 13.660312798471377, 14.274084778846769, 8.7355962272058996, 11.758840240716975, 6.0873794116531696, 13.819071937871163, 7.5920411757779016, 3.0663465313614857, 10.534301835280861, 4.5066368479508796, 8.4944202727976279, 4.5974426190643527, 12.759664210137666, 12.152527497771249, 1.755818035020853, 2.2547732189870811, 8.0559599133885804, 10.715038411755804, 2.8159168258186051, 11.631130208347809, 12.656672181587734, 9.3159723375163619, 6.1850144078707894, 5.7698139072581558, 13.115411460382541, 10.370963904462693, 10.628012643975774, 9.0204197168492648, 10.435455555788977, 0.0, 10.135694207141512, 10.965951816630213, 13.976603693921115, 10.57161059931445, 9.931647912407005, 12.633508310654021, 12.854236029092577, 14.901529673792922, 6.8936686373427509, 0.0, 7.6772556915310304, 16.568143575598235, 7.5539033283725479, 11.372439282427267, 9.7249026437871322, 9.2118299693393713, 8.9458890874511461, 6.3739316023553467, 10.643165186650529, 10.721769361634204, 11.199305239585939, 9.2470059746579416, 15.134653586456521, 8.8392686581113065, 8.6563930808553788, 11.456804836505667, 14.038464908962025, 9.3727237959488523, 14.985598815341238, 7.049248906733296, 15.923696805378885, 0.0], "features": [[0.0, 59.14169203110311, 24.898675100924294, 46.4100760360319, 55.87711922684379, 53.98391694355054, 0.0], [52.67482245451873, 31.62741431611488, 34.56515450816986, 49.74695516715092, 14.010895710234967, 0.0, 0.0], [61.11311237813764, 38.70763567559679, 0.0, 40.56021650110642, 47.622572700540466, 26.67053052022317, 0.0], [51.14097828038785, 38.802173098756946, 26.650288116272222, 0.0, 0.0, 31.240558744513336, 53.635899577945025], [53.635899577945025, 42.42656801046039, 39.70720466229516, 0.0, 0.0, 0.0, 0.0], [0.0, 0.0, 40.596079698440114, 0.0, 0.0, 0.0, 0.0], [0.0, 52.20754330040125, 34.96053876040756, 16.02887725130598, 33.48722267804404, 58.575607027496275, 31.96815964912749], [43.800039042298934, 39.96574164264775, 56.82691043199209, 60.327875299972185, 24.441990418350443, 33.603380558092866, 48.40826063059298], [52.68644301374855, 44.69545891045387, 70.78458232196098, 33.367234145323934, 66.2162195411292, 78.20790308005361, 65.54270644869527], [71.53138389677056, 72.916093619119, 71.26620685992395, 39.84794536824095, 30.157695440686, 57.62983010432823, 1.7224060382552118], [48.64415482112512, 33.8855157855471, 57.104993768309456, 30.75059955560747, 36.73317381525988, 6.7710933826425395, 68.26254891305926], [70.98935364004377, 68.66054163851527, 68.71317573358604, 75.30519651793979, 62.83211080693725, 67.1586498426431, 41.6779631342708], [69.69741127754219, 68.23888161934526, 61.250642307356365, 57.94107254489172, 29.139854104929768, 43.60914321189648, 25.77608731782274], [74.25393482689967, 77.84783812942275, 32.03647670739233, 14.87053280308366, 39.779586738866314, 0.0, 16.449149358903423], [16.449149358903423, 42.29754198314091, 32.22844766170446, 0.0, 0.0, 0.0, 0.0], [54.66805273698031, 69.65439955363694, 0.0, 0.0, 0.0, 0.0, 0.0], [0.0, 40.71243693783716, 49.01724060003214, 41.09540354279011, 36.11540550847938, 38.53075811594038, 0.0], [50.63945324743534, 52.14483589898588, 31.856698874281513, 0.0, 53.4287561411821, 33.030252432935214, 37.82766825879412], [57.72066949619456, 33.50798240788119, 32.13347239968499, 31.05060758897194, 27.80916162282625, 13.991265084075597, 50.79537494231184], [59.82730367844647, 49.79554934980491, 44.42066756620233, 27.97537730667512, 9.430121502507966, 36.71375736850015, 28.614464128299023], [40.94170235097011, 63.76364884071427, 34.94632907686162, 58.91918366156542, 76.5158202729191, 67.21991939309109, 71.12616266512913], [65.86458732874618, 63.56846893507346, 44.814579853291114, 48.56533936327776, 67.68954385073113, 20.215045919126, 32.40556404915855], [73.34216258645925, 84.10874209608494, 49.22426351422999, 52.21999581212222, 90.70549988119623, 69.59727622806342, 56.595919107106866], [0.0, 0.0, 18.640734755906475, 26.398050078855604, 15.49363952670147, 42.8292478211961, 28.94505737307415], [46.53484835209623, 24.574031513860504, 20.908790307458467, 31.505462910964425, 19.996727370617467, 28.313490978162367, 35.14612540667409], [0.0, 0.0, 0.0, 28.87576581725676, 84.1751010573439, 13.918599377010349, 0.0], [0.0, 0.0, 0.0, 0.0, 0.0, 0.0, 0.0], [0.0, 0.0, 0.0, 55.473656473994744, 20.757753043116516, 54.613425627974884, 0.0], [0.0, 13.538001543493692, 36.77305804922377, 30.639515434654136, 36.553383046310344, 8.28021714578793, 41.243550185753755], [36.89658662918517, 39.69937633114442, 42.54400256824001, 42.62564322543358, 20.590606065155814, 0.0, 0.0], [41.98209168320189, 31.827318296070334, 2.9247398691937834, 24.689662839896574, 45.73023133108262, 29.76012071950535, 33.56368190541831], [50.27760247854468, 36.251361248516915, 21.772183305727115, 2.529648278867261, 30.631863494565003, 20.57614482412573, 10.51324549896887], [33.10410186824641, 42.858338695416194, 2.882718083509208, 26.634927391674637, 23.79322543593272, 20.717123814130975, 10.290656895851313], [0.0, 17.37894633953895, 58.36406865599379, 59.3359409453897, 56.807407509169664, 5.167218114765635, 42.092626643178534], [12.638746184621022, 40.087706760567734, 19.23134922876519, 42.286536131272804, 26.9247678403657, 35.98508452461835, 29.121926650964266], [45.07572474637168, 23.701400353468387, 27.797998810182957, 54.1296944779049, 27.2549181792285, 58.04066758911909, 36.94866997534976], [60.324561495886485, 17.605106917521372, 34.9456711469285, 39.724588315815275, 4.821445096560196, 23.19668914167824, 24.973532123943524], [94.11657292316511, 77.34084762656214, 85.44852359784521, 80.091316157469, 67.03728581380624, 56.11051601567375, 68.47595434950267], [58.060605276450424, 66.39046825437867, 57.90250981221271, 42.21427789568434, 28.055136606028356, 43.65379548053457, 43.24904998768048], [68.99958511337621, 61.18165157316784, 34.13868464805027, 47.65863331206016, 51.797658781837924, 0.0, 0.0], [51.70663591395897, 41.16336476237612, 23.509442278911823, 0.0, 0.0, 7.735900210708255, 30.050096687327404], [65.60979320386585, 46.36355805561974, 0.0, 0.0, 30.371694287356895, 8.427728221239356, 46.353419419981975], [41.66638941050589, 44.93562977144997, 18.06796236354078, 57.3549303721933, 72.55741669135914, 83.33249865652257, 82.0322733917089], [43.7429111634237, 20.308509380573557, 46.115798511720726, 32.65024970247135, 52.4017062715489, 9.865804777585193, 51.06644749504449], [68.50890502453015, 55.679934102121166, 49.4638506353698, 38.99279519631802, 22.717252921226102, 13.559642601318503, 33.152170914299475], [52.092063272073, 23.573326317231306, 20.441684186248768, 0.0, 0.0, 0.0, 0.0], [19.938677918979785, 51.745830331878, 20.19528680668649, 56.34565250961411, 44.52920256948214, 48.986283043888925, 58.102445250726944], [70.9920178676831, 7.821195767144198, 10.030738125111121, 48.791487225165035, 58.64798086178213, 