{"avg_classifications": [8.6817832213214494, 9.956274436525435, 2.9036428817010682, 6.8405159972027993, 4.0600913786898065, 3.9181102284454297, 9.0044991217601495, 9.8948022077169213, 9.2023970299262885, 9.474626906101447, 10.15096653010311, 11.622726020135252, 8.0500574764524622, 0.0, 9.5711412275421583, 0.0, 9.9149713437297198, 0.0, 8.4556922630470286, 12.340464699831356, 6.0240477561592565, 6.2743498995643501, 7.7388947768423009, 13.794375804693916, 16.656736847668345, 6.0694215142129684, 12.071157072916195, 13.783268267363226, 9.6674538037657047, 13.586852072930483, 5.2363554504942718, 7.5621596490893328, 0.0, 5.4014504698409542, 5.2862496299363162, 7.6087693289865825, 6.8748173290854337, 5.5989628496733967, 9.3484967702351351, 14.644967412134289, 8.7016509285137555, 7.724188414024745, 10.965556098202892, 16.842948349688378, 5.9408185137221654, 12.698044014203052, 4.1456223429922385, 12.55884377260557], "features": [[19.04649895625006, 36.940818933270556, 23.211076031881312, 21.301658566698922, 0.0, 38.02064499982433, 16.485791329744778], [62.86521929603572, 53.661648862828116, 29.41279382172361, 0.0, 31.713430470370028, 7.867414495230203, 28.28652824989395], [41.666083063795625, 0.0, 0.0, 11.068888077396723, 0.0, 0.0, 0.0], [31.672229341664718, 25.35790049103539, 0.0, 15.629870320078195, 0.0, 8.18195404173085, 12.740466301885078], [21.708670123405707, 8.672794835591047, 5.048501604516987, 0.0, 0.0, 0.0, 0.0], [0.0, 4.743245497709485, 4.728498802621555, 2.3575303756269914, 0.0, 19.062544262446558, 0.0], [0.0, 25.134057178619162, 31.66412130858786, 2.975097229261034, 31.71117228086857, 41.33999602808495, 45.22366285408306], [44.47572610292041, 4.498097250098652, 19.857461627281804, 12.314767610632673, 32.23767625932411, 43.856953030044245, 5.643849910118675], [17.91150021611677, 23.27516214465739, 44.75271811687183, 27.85694964967174, 5.337437909729925, 39.34219075605882, 3.324188695236423], [39.94888204143164, 24.54534536133066, 32.20473061875281, 15.583977285308443, 7.1115496616140295, 20.51214992016884, 15.266738267966476], [3.062906908638007, 28.45222424799425, 32.11404999224757, 36.615215789474746, 44.36014362445887, 35.70416013173006, 8.092812800644039], [14.623712174180175, 37.67848212190236, 29.506648610751444, 35.344329016837996, 32.23017813810495, 20.673721058941915, 24.50191808253917], [11.766555361486725, 30.12351747390151, 0.0, 29.09862711941113, 28.503103796044872, 9.306267589354189, 26.68911084811928], [0.0, 0.0, 0.0, 0.0, 0.0, 0.0, 0.0], [0.0, 39.97631988756825, 37.47297295577917, 27.214321739685225, 27.488834914865617, 24.047881917672346, 30.18731142918423], [0.0, 0.0, 0.0, 0.0, 0.0, 0.0, 0.0], [0.0, 20.950824072943497, 17.475040463355988, 33.746864287040125, 32.09673549372777, 53.41562540538647, 47.53474279545915], [0.0, 0.0, 0.0, 0.0, 0.0, 0.0, 0.0], [0.0, 47.76122205869759, 16.961444331571354, 15.782534640150013, 16.5395358019138, 31.15421414586233, 20.99191342716882], [72.8850072261919, 67.09134481885913, 33.14812994690779, 3.346732053869942, 47.8518405398745, 37.57360178930234, 30.1490786025748], [0.0, 24.45266711978904, 14.002211408181312, 5.0057951407654935, 3.2125493308508197, 15.189684505271995, 8.155715123341878], [37.39996588324814, 38.29280995480899, 0.0, 0.0, 22.605610714599518, 12.794539556512085, 0.0], [10.790072336977337, 0.0, 26.094815814396625, 12.751580055514752, 12.458001714542567, 28.120380083582408, 23.062413993049617], [85.68318451129257, 76.15176931536482, 60.57659691284112, 60.01685322905077, 49.68524947760781, 0.0, 54.03930044576691], [65.46742337783296, 84.44347533927682, 76.7670949565845, 58.83942499869526, 71.0227795273686, 66.01440434549478, 61.78915601518926], [0.0, 33.984476173314086, 10.8576700244972, 0.0, 7.095045962399839, 24.2698914451311, 13.947512881381144], [72.17118253703303, 59.17795012576622, 32.81865237676079, 8.570189446145651, 28.996698068381825, 33.3827842951027, 29.528930423318776], [79.12910099174464, 30.54262030680544, 64.32097855493886, 62.65618352321238, 44.931470435071326, 36.76766719121151, 22.45817310608119], [0.0, 0.0, 40.07459530306282, 41.754139352857386, 49.93331508110097, 41.80507552455596, 52.725717250583116], [40.8837655412625, 34.16690242711937, 47.81163712206616, 30.390776011067114, 47.70568678416145, 52.82415040514388, 57.31205818411164], [0.0, 0.0, 15.913798941753166, 17.512450612625813, 12.006060188846693, 0.0, 42.48120784980702], [0.0, 0.0, 18.557434266499378, 3.8741030066174376, 40.25102011521574, 33.942286822137625, 41.74118613301315], [0.0, 0.0, 0.0, 0.0, 0.0, 0.0, 0.0], [5.059296557734522, 2.4235943580370205, 28.080746000844623, 7.078415826274716, 0.0, 8.459638936849442, 9.884812915508364], [0.0, 0.0, 22.825800644178234, 5.1138727860891695, 19.23424741386856, 0.0, 27.396544861919352], [10.382416895631918, 5.046383265334207, 13.369147404333079, 0.0, 33.710877216417856, 27.702019046365212, 37.84391284178639], [0.0, 0.0, 0.0, 40.42176329881608, 34.955013372153104, 41.280014147799, 26.0162463749068], [0.0, 0.0, 0.0, 32.441022809324565, 60.36130415199048, 0.9609060278364028, 20.363885217555016], [0.0, 0.0, 35.23611044048983, 18.70860628380444, 47.983855165988345, 50.62226296255949, 62.07285729209239], [84.68681734569752, 76.14457133302632, 45.09025113705483, 55.301672655663126, 25.9166656835745, 43.42180389761537, 50.20778320240285], [0.0, 0.0, 0.0, 48.684515357477146, 41.348336972450724, 66.0479811753125, 76.85471520923969], [0.0, 0.0, 26.680695797550314, 37.651496015634436, 0.9609060278364028, 51.400723575456084, 52.66146840942051], [0.0, 0.0, 48.38424729617455, 58.71449182321317, 59.146705560799944, 63.028554954974155, 63.67926638786555], [88.6179891531853, 74.93518228177442, 79.07266000250489, 50.96841147866994, 63.228529047759956, 66.09846281919043, 72.9932264446175], [0.0, 0.0, 0.0, 33.86470595154034, 43.05704085245656, 0.0, 47.748108020762196], [55.18599670933727, 55.8875037151574, 37.45603389321613, 39.0954074774987, 25.879266354153525, 31.42412549552316, 35.49250526419611], [0.0, 31.087386953367258, 7.140775646603422, 0.0, 0.0, 4.814148310123688, 10.46132283873254], [34.56431578757539, 0.0, 42.06915588182715, 66.3822891360768, 63.9598024377595, 37.91574735249883, 50.83773709298626]], "trend_classifications": [0, -1, -1, 0, -1, 1, 1, -1, 1, -1, 1, -1, 1, 0, 1, 0, 1, 0, 1, -1, 1, -1, 1, -1, 0, 1, -1, 0, 1, 1, 1, 1, 0, 1, 1, 1, 1, 1, 1, 1, 1, 1, 1, 0, 1, 0, 1, 0]}